case_id	mean	median	sd
PD4020a	80.63541666666667	10	282.6267436145071
