case_id	mean	median	sd
X400220	2.8229166666666665	1.5	4.328594743810088
X426980	8.354166666666666	5.5	10.018907563798056
X452198	1.1354166666666667	1	1.5668929474510802
X573988	1.4583333333333333	1	2.030901623296601
X758168	4.458333333333333	3	4.741566844446134
X804168	6.208333333333333	4	6.58213957642261
X869586	11.125	6	20.03010891527789
